"United Kingdom"	"Daily Telegraph"	"United States of America"	"2774"
"United Kingdom"	"Daily Telegraph"	"United Kingdom"	"1102"
"United Kingdom"	"Daily Telegraph"	"Ukraine"	"999"
"United Kingdom"	"Daily Telegraph"	"France"	"795"
"United Kingdom"	"Daily Telegraph"	"China"	"587"
"United Kingdom"	"Daily Telegraph"	"Israel"	"584"
"United Kingdom"	"Daily Telegraph"	"Syria"	"486"
"United Kingdom"	"Daily Telegraph"	"Iraq"	"434"
"United Kingdom"	"Daily Telegraph"	"Australia"	"432"
"United Kingdom"	"Daily Telegraph"	"South Africa"	"391"
"United Kingdom"	"Daily Telegraph"	"Malaysia"	"376"
"United Kingdom"	"Daily Telegraph"	"Italy"	"319"
"United Kingdom"	"Daily Telegraph"	"Germany"	"303"
"United Kingdom"	"Daily Telegraph"	"India"	"280"
"United Kingdom"	"Daily Telegraph"	"North Korea"	"274"
"United Kingdom"	"Daily Telegraph"	"Japan"	"251"
"United Kingdom"	"Daily Telegraph"	"Vatican"	"227"
"United Kingdom"	"Daily Telegraph"	"Iran"	"200"
"United Kingdom"	"Daily Telegraph"	"Afghanistan"	"199"
"United Kingdom"	"Daily Telegraph"	"Spain"	"182"
"United Kingdom"	"Daily Telegraph"	"Nepal"	"181"
"United Kingdom"	"Daily Telegraph"	"Hong Kong"	"171"
"United Kingdom"	"Daily Telegraph"	"Turkey"	"171"
"United Kingdom"	"Daily Telegraph"	"Egypt"	"162"
"United Kingdom"	"Daily Telegraph"	"Pakistan"	"162"
"United Kingdom"	"Daily Telegraph"	"South Korea"	"146"
"United Kingdom"	"Daily Telegraph"	"Nigeria"	"140"
"United Kingdom"	"Daily Telegraph"	"Brazil"	"132"
"United Kingdom"	"Daily Telegraph"	"Thailand"	"130"
"United Kingdom"	"Daily Telegraph"	"Canada"	"124"
"United Kingdom"	"Daily Telegraph"	"Mexico"	"115"
"United Kingdom"	"Daily Telegraph"	"Greece"	"106"
"United Kingdom"	"Daily Telegraph"	"Libya"	"101"
"United Kingdom"	"Daily Telegraph"	"Tunisia"	"89"
"United Kingdom"	"Daily Telegraph"	"Kenya"	"86"
"United Kingdom"	"Daily Telegraph"	"Yemen"	"77"
"United Kingdom"	"Daily Telegraph"	"Cuba"	"76"
"United Kingdom"	"Daily Telegraph"	"Indonesia"	"69"
"United Kingdom"	"Daily Telegraph"	"Poland"	"68"
"United Kingdom"	"Daily Telegraph"	"New Zealand"	"65"
"United Kingdom"	"Daily Telegraph"	"Belgium"	"63"
"United Kingdom"	"Daily Telegraph"	"Argentina"	"62"
"United Kingdom"	"Daily Telegraph"	"Saudi Arabia"	"60"
"United Kingdom"	"Daily Telegraph"	"Switzerland"	"58"
"United Kingdom"	"Daily Telegraph"	"Sudan"	"56"
"United Kingdom"	"Daily Telegraph"	"Venezuela"	"56"
"United Kingdom"	"Daily Telegraph"	"Philippines"	"45"
"United Kingdom"	"Daily Telegraph"	"Denmark"	"45"
"United Kingdom"	"Daily Telegraph"	"Ireland"	"43"
"United Kingdom"	"Daily Telegraph"	"Jordan"	"38"
"United Kingdom"	"Daily Telegraph"	"Sweden"	"38"
"United Kingdom"	"Daily Telegraph"	"Taiwan"	"37"
"United Kingdom"	"Daily Telegraph"	"Qatar"	"37"
"United Kingdom"	"Daily Telegraph"	"Austria"	"32"
"United Kingdom"	"Daily Telegraph"	"Sierra Leone"	"32"
"United Kingdom"	"Daily Telegraph"	"Colombia"	"29"
"United Kingdom"	"Daily Telegraph"	"Lebanon"	"28"
"United Kingdom"	"Daily Telegraph"	"Bangladesh"	"27"
"United Kingdom"	"Daily Telegraph"	"Czech Republic"	"27"
"United Kingdom"	"Daily Telegraph"	"Liberia"	"26"
"United Kingdom"	"Daily Telegraph"	"Chile"	"26"
"United Kingdom"	"Daily Telegraph"	"South Sudan"	"25"
"United Kingdom"	"Daily Telegraph"	"Myanmar"	"24"
"United Kingdom"	"Daily Telegraph"	"Sri Lanka"	"24"
"United Kingdom"	"Daily Telegraph"	"Zimbabwe"	"22"
"United Kingdom"	"Daily Telegraph"	"Somalia"	"22"
"United Kingdom"	"Daily Telegraph"	"Norway"	"20"
"United Kingdom"	"Daily Telegraph"	"Georgia"	"20"
"United Kingdom"	"Daily Telegraph"	"Burundi"	"20"
"United Kingdom"	"Daily Telegraph"	"Guinea"	"16"
"United Kingdom"	"Daily Telegraph"	"Central African Republic"	"16"
"United Kingdom"	"Daily Telegraph"	"Hungary"	"16"
"United Kingdom"	"Daily Telegraph"	"Armenia"	"15"
"United Kingdom"	"Daily Telegraph"	"Kuwait"	"15"
"United Kingdom"	"Daily Telegraph"	"Iceland"	"15"
"United Kingdom"	"Daily Telegraph"	"Mali"	"14"
"United Kingdom"	"Daily Telegraph"	"Serbia"	"14"
"United Kingdom"	"Daily Telegraph"	"Ethiopia"	"14"
"United Kingdom"	"Daily Telegraph"	"Belarus"	"13"
"United Kingdom"	"Daily Telegraph"	"Rwanda"	"13"
"United Kingdom"	"Daily Telegraph"	"United Arab Emirates"	"12"
"United Kingdom"	"Daily Telegraph"	"Peru"	"12"
"United Kingdom"	"Daily Telegraph"	"Burkina Faso"	"12"
"United Kingdom"	"Daily Telegraph"	"Cameroon"	"11"
"United Kingdom"	"Daily Telegraph"	"El Salvador"	"11"
"United Kingdom"	"Daily Telegraph"	"Romania"	"10"
"United Kingdom"	"Daily Telegraph"	"Uganda"	"10"
"United Kingdom"	"Daily Telegraph"	"Morocco"	"9"
"United Kingdom"	"Daily Telegraph"	"Costa Rica"	"9"
"United Kingdom"	"Daily Telegraph"	"Malawi"	"9"
"United Kingdom"	"Daily Telegraph"	"Monaco"	"9"
"United Kingdom"	"Daily Telegraph"	"Albania"	"8"
"United Kingdom"	"Daily Telegraph"	"Malta"	"8"
"United Kingdom"	"Daily Telegraph"	"Jamaica"	"8"
"United Kingdom"	"Daily Telegraph"	"Maldives"	"8"
"United Kingdom"	"Daily Telegraph"	"Fiji"	"8"
"United Kingdom"	"Daily Telegraph"	"Kazakhstan"	"8"
"United Kingdom"	"Daily Telegraph"	"Tanzania"	"8"
"United Kingdom"	"Daily Telegraph"	"Guatemala"	"8"
"United Kingdom"	"Daily Telegraph"	"Bolivia"	"8"
"United Kingdom"	"Daily Telegraph"	"Portugal"	"7"
"United Kingdom"	"Daily Telegraph"	"Cambodia"	"7"
"United Kingdom"	"Daily Telegraph"	"Algeria"	"7"
"United Kingdom"	"Daily Telegraph"	"Honduras"	"7"
"United Kingdom"	"Daily Telegraph"	"Singapore"	"7"
"United Kingdom"	"Daily Telegraph"	"Gambia"	"6"
"United Kingdom"	"Daily Telegraph"	"Congo"	"6"
"United Kingdom"	"Daily Telegraph"	"Slovakia"	"6"
"United Kingdom"	"Daily Telegraph"	"Haiti"	"6"
"United Kingdom"	"Daily Telegraph"	"Nicaragua"	"6"
"United Kingdom"	"Daily Telegraph"	"Panama"	"6"
"United Kingdom"	"Daily Telegraph"	"Bahrain"	"6"
"United Kingdom"	"Daily Telegraph"	"Papua New Guinea"	"6"
"United Kingdom"	"Daily Telegraph"	"Vanuatu"	"5"
"United Kingdom"	"Daily Telegraph"	"Chad"	"5"
"United Kingdom"	"Daily Telegraph"	"Niger"	"5"
"United Kingdom"	"Daily Telegraph"	"Cyprus"	"5"
"United Kingdom"	"Daily Telegraph"	"Senegal"	"5"
"United Kingdom"	"Daily Telegraph"	"Marshall Islands"	"5"
"United Kingdom"	"Daily Telegraph"	"Lithuania"	"4"
"United Kingdom"	"Daily Telegraph"	"Uruguay"	"4"
"United Kingdom"	"Daily Telegraph"	"Ghana"	"4"
"United Kingdom"	"Daily Telegraph"	"Croatia"	"4"
"United Kingdom"	"Daily Telegraph"	"Zambia"	"4"
"United Kingdom"	"Daily Telegraph"	"Namibia"	"3"
"United Kingdom"	"Daily Telegraph"	"Macau"	"3"
"United Kingdom"	"Daily Telegraph"	"Macedonia"	"3"
"United Kingdom"	"Daily Telegraph"	"Bahamas"	"3"
"United Kingdom"	"Daily Telegraph"	"Dominican Republic"	"3"
"United Kingdom"	"Daily Telegraph"	"Paraguay"	"3"
"United Kingdom"	"Daily Telegraph"	"Finland"	"3"
"United Kingdom"	"Daily Telegraph"	"Bulgaria"	"3"
"United Kingdom"	"Daily Telegraph"	"Solomon Islands"	"2"
"United Kingdom"	"Daily Telegraph"	"Latvia"	"2"
"United Kingdom"	"Daily Telegraph"	"Lesotho"	"2"
"United Kingdom"	"Daily Telegraph"	"Tonga"	"2"
"United Kingdom"	"Daily Telegraph"	"Estonia"	"2"
"United Kingdom"	"Daily Telegraph"	"Azerbaijan"	"2"
"United Kingdom"	"Daily Telegraph"	"Belize"	"2"
"United Kingdom"	"Daily Telegraph"	"Timor-Leste"	"2"
"United Kingdom"	"Daily Telegraph"	"Mozambique"	"2"
"United Kingdom"	"Daily Telegraph"	"Moldova"	"2"
"United Kingdom"	"Daily Telegraph"	"Vietnam"	"2"
"United Kingdom"	"Daily Telegraph"	"Greenland"	"2"
"United Kingdom"	"Daily Telegraph"	"Turkmenistan"	"2"
"United Kingdom"	"Daily Telegraph"	"Falkland Islands"	"2"
"United Kingdom"	"Daily Telegraph"	"Dominica"	"1"
"United Kingdom"	"Daily Telegraph"	"Eritrea"	"1"
"United Kingdom"	"Daily Telegraph"	"Oman"	"1"
"United Kingdom"	"Daily Telegraph"	"Grenada"	"1"
"United Kingdom"	"Daily Telegraph"	"Botswana"	"1"
"United Kingdom"	"Daily Telegraph"	"Tajikistan"	"1"
"United Kingdom"	"Daily Telegraph"	"Luxembourg"	"1"
"United Kingdom"	"Daily Telegraph"	"Cape Verde"	"1"
"United Kingdom"	"Daily Telegraph"	"Bhutan"	"1"
"United Kingdom"	"Daily Telegraph"	"Mauritania"	"1"
"United Kingdom"	"Daily Telegraph"	"Slovenia"	"1"
